id;name;price;rate;sold;tags;
1;Женская футболка с длинным рукавом;953;4.6;344;
2;Женская винтажная футболка с длинным рукавом;1092;4.6;343;
3;Женская футболка из хлопка;770;4.9;343;
4;Женская футболка с коротким рукавом и принтом;473;4.2;343;
5;Женская футболка с коротким рукавом;770;5.0;343;
6;Женская прозрачная накидка;211;4.3;344;top
7;Женская шелковая футболка с круглым вырезом;1825;5.0;342;top
8;Женский свободный топ с рисунком в стиле ретро;1189;4.9;342;
9;Футболка женская ольччан;1242;4.5;342;
10;Футболка женская;1071;4.7;341;top
11;Женская хлопковая футболка с коротким рукавом REALEFT, однотонная, разноцветная, с круглым вырезом, свободного покроя, для лета, 2020;962;4.7;341;
12;Классический универсальный женский короткий топ в стиле ретро;816;4.7;341;
13;Женская футболка с принтом кота;255;4.4;339;
14;Женская футболка с принтом котенка;473;4.3;339;
15;Женская футболка с коротким рукавом, V-образным вырезом и цветочным принтом;482;4.4;338;
16;Женский укороченный топ;407;4.5;338;top
17;Женская водолазка на молнии с длинными/короткими рукавами, футболка, цвета в ассортименте, размеры S-L;1347;4.7;339;
18;Женская футболка с принтом;466;5.0;338;
19;Футболка с принтом кошки;456;5.0;338;
20;Футболка женская, с буквенным принтом в стиле Лос-Анджелеса;1214;4.5;337;
21;Футболка женская с принтом луны;769;5.0;337;
22;Женская футболка оверсайз в стиле Харадзюку, размер XS-3XL, цвет белый/чёрный;481;4.2;337;top
23;Женская черная футболка с принтом;769;4.9;336;
24;Женская футболка с коротким рукавом;498;4.5;336;
25;Женская футболка с вышивкой;1629;5.0;336;
26;Футболка женская с рисунком совы;288;4.8;337;top
27;Футболка женская с длинным рукавом;619;4.6;335;
28;Винтажная женская футболка с коротким рукавом;1109;4.9;335;
29;Женская футболка с принтом подсолнухов;376;4.6;336;
30;Футболка женская с надписью 5 видов цветов;466;4.8;334;
31;Женская футболка с круглым вырезом и принтом вина;753;4.3;333;
32;Футболки JFUNCY женские хлопковые с милым принтом ежика, женские, с коротким рукавом, размер М, материал хлопок;928;4.9;333;
33;Хлопковая Базовая футболка Neploe, Женские однотонные топы с круглым вырезом и рукавом до локтя, Летние повседневные облегающие дамские футболки, новинка 2024, 1C093;1189;4.5;333;
34;Женская футболка с коротким рукавом, винтажная, с графическим рисунком, цвет черный и белый, материал обработанная вискоза;408;4.4;334;
35;Женская футболка оверсайз с принтом;1317;4.6;332;
36;Футболка женская оверсайз с коротким рукавом и надписью;380;4.5;332;top
37;Футболка женская, свободная, в корейском стиле;1241;4.6;331;
38;Сексуальная Женская футболка с длинным рукавом и О-образным вырезом, облегающая, теплая, 2024, весна-лето, базовые футболки, корейские женские топы, черный, белый, синий, розовый;997;4.1;331;
39;Женская эластичная футболка в корейском стиле;860;4.9;331;
40;Женская футболка с рисунком в стиле аниме;1348;4.8;331;
41;Женская Винтажная футболка с круглым вырезом, коротким рукавом;1529;4.8;331;
42;Женская футболка с V-образным вырезом и коротким рукавом;366;4.6;331;
43;Женский укороченный топ с длинным рукавом;362;4.6;329;
44;Женская сетчатая футболка с длинным рукавом;454;4.9;329;top
45;Женская футболка с принтом вампира;475;4.2;329;
46;Женская хлопковая футболка с круглым вырезом;1328;4.8;328;
47;Сетчатый прозрачный пуловер Y2KGIRL;1289;4.6;328;
48;Женская однотонная футболка;476;4.9;328;
49;Женская футболка с коротким рукавом, круглым вырезом и 3D-принтом в виде бабочек;287;4.2;328;
50;Женская футболка с абстрактным 3D принтом;444;4.6;328;
51;Футболка женская Vddjvigo с круглым вырезом, укороченная, принты в ассортименте, размеры S-XL;444;4.3;328;
52;Футболка женская в стиле хип-хоп с коротким рукавом;1155;4.1;327;
53;Женская футболка с длинным рукавом;449;4.2;327;
54;Женская футболка с коротким рукавом;466;5.0;327;
55;Женская футболка в готическом стиле;481;4.7;327;
56;Женская прозрачная водолазка с сердечками;362;4.8;326;top
57;Женская свободная футболка с длинным рукавом, круглым вырезом и принтом;1577;4.5;326;
58;[EAM] Женская Красная Асимметричная футболка большого размера, новая модная футболка с круглым вырезом и длинным рукавом, весна-осень 2024 1DA605;1933;4.9;326;
59;Женская свободная футболка с коротким рукавом;692;4.4;326;
60;Женская водолазка с длинным рукавом;715;4.5;326;
61;Женская футболка с круглым вырезом и коротким рукавом;795;4.3;326;
62;Футболка большого размера, женская летняя хлопковая Футболка с круглым вырезом, Повседневная футболка с принтом, черные и синие футболки для девочек;962;4.4;325;
63;Женский трикотажный пуловер с коротким рукавом и круглым вырезом;1282;4.8;325;top
64;Женская трикотажная рубашка с коротким рукавом, однотонная Корейская летняя футболка, тонкая трикотажная женская футболка с V-образным вырезом, Повседневная футболка, модель 2024, 13539;839;4.6;325;
65;Женская футболка с круглым вырезом;1062;4.8;325;
66;Женская хлопковая рубашка Johnature с v-образным вырезом и длинными рукавами;1238;5.0;325;
67;Женская трикотажная футболка FSLE, размеры XS - XL, цвет в ассортименте;1346;4.7;324;top
68;Женская футболка с коротким рукавом;392;4.5;324;
69;Женский трикотажный топ с воротником хомутиком и длинным рукавом;936;4.8;324;
70;Женская кофточка с длинными рукавами и ассиметричным вырезом, размеры S - 2XL, цвет черный;710;4.3;324;top
71;Футболка женская оверсайз с коротким рукавом и графическим принтом;288;4.2;324;
72;Футболка женская оверсайз с 3D-принтом;1298;5.0;324;
73;Женская футболка с открытой спиной;737;4.5;324;
74;Женская черная футболка с коротким рукавом;1327;4.6;323;
75;Футболка мужская с графическим принтом, Готическая свободная футболка в стиле Харадзюку, в стиле панк, хип-хоп, Студенческая имитация двух предметов, лето 2021;1042;4.5;323;
76;Женская футболка Evil Minnie Mouse;458;4.5;323;
77;Женская футболка с принтом кактуса;473;4.3;323;
78;WOTWOY Летняя трикотажная хлопковая Футболка с v-образным вырезом Женская Повседневная однотонная Базовая футболка с коротким рукавом женский корейский Черный Белый Топ 2023;947;4.7;322;top
79;Женская летняя футболка с коротким рукавом;1098;4.4;322;
80;S-5XL Новая Женская Футболки Хлопковая Топы блузки Лето 2023 Повседневная Эластичный Футболка С O-образным вырезом С короткая рукава Тонким Ватный Футболки Женские;761;4.8;322;
81;Женская Винтажная футболка в стиле Харадзюку, свободная облегающая футболка в стиле панк, уличная одежда, y2k, на лето;461;4.2;322;
82;Кружевной укороченный топ на пуговицах с длинным рукавом;962;4.8;333;
83;Женская футболка с длинным рукавом;936;4.1;322;
84;Многоразовые впитывающие духи для подмышек;440;5.0;322;
85;Футболка с длинным рукавом и круглым вырезом;1299;4.5;321;
86;Женская трикотажная укороченная футболка с контрастным воротником и длинным рукавом;1010;4.7;344;top
87;Женский укороченный топ с круглым вырезом;384;4.8;326;top
88;Женская черная футболка с принтом;375;4.7;321;
89;Женская футболка с коротким рукавом, с принтом оленя;1026;4.7;321;
90;Футболка в стиле аниме Yuji Itadori;463;4.6;320;
91;1898 Хлопковая женская футболка с принтом Brooklyn New York Letter Drop плечи, винтажная Простая одежда, Женская футболка высокого качества;913;4.7;321;
92;Женская хлопковая футболка WAVLATII;1229;4.6;320;
93;Женский укороченный топ в стиле Харадзюку;479;4.6;320;
94;Рубашка в японском винтажном стиле с имитацией двух частей и коротким рукавом;1155;4.2;320;
95;Женская футболка с мультяшным принтом;514;4.1;320;
96;[EAM] 2024 Новинка весна осень Высокий воротник длинный рукав черный свободный Карман Drawstring большой размер футболка женская мода JQ017;2499;4.9;319;
97;Женская футболка с коротким рукавом и графическим принтом;288;4.4;319;
98;Женская футболка с принтом аниме;928;4.6;319;
99;Женская футболка с длинным рукавом InsGoth;1418;5.0;319;
100;Женская футболка с длинным рукавом;1414;4.7;322;top
