id,name,sold,price,tags
1,"Футболка XIN YI мужская с забавным принтом Луны и астронавта, Повседневная Свободная рубашка из 100% хлопка, с круглым вырезом",167,649,
2,Футболка для мужчин с принтом в ассортименте,167,442,top
3,Мужская футболка с принтом,167,965,
4,Мужская хлопковая свободная футболка с принтом собаки,166,785,
5,Мужская футболка INCERUN с высоким воротником,166,1108,top
6,"Мужская футболка с круглым вырезом, хлопок",166,521,
7,"Футболки унисекс, хлопок",166,480,
8,"Футболка мужская спортивная, хлопок, цвет в ассортименте",168,952,top
9,"Новая повседневная полосатая футболка TFETTERS 2023, Мужская футболка с длинным рукавом для фитнеса, Мужская одежда, футболки, мужская футболка",166,1254,
10,Хлопковая мужская футболка Jesus Desu,166,980,
11,Мужская летняя футболка в стиле ретро,166,1636,
12,"Белая мужская футболка с рисунком велосипеда, размер S-XXXL, принты в ассортименте",166,765,top
13,Футболка мужская YiRuiSen с коротким рукавом,166,1371,
14,Мужская хлопковая футболка с круглым вырезом,166,2044,
15,"Мужская промытая хлопковая Футболка ZODF 2024 года, однотонная Свободная Повседневная Базовая Удобная футболка унисекс, брендовая футболка HY0254",165,1502,top
16,Мужская однотонная водолазка с длинным рукавом,165,715,
17,Футболка унисекс Harajuku,165,2038,
18,Футболка мужская и женская с круглым вырезом и коротким рукавом,165,665,
19,Футболка мужская хлопковая с принтом «Пабло»,165,907,
20,"Футболка программиста, цвет в ассортименте",165,927,
21,"Футболка программиста, цвет в ассортименте",165,927,
22,Мужская футболка с коротким рукавом,165,967,
23,Мужская футболка Zecmos в черно-белую полоску,165,885,
24,"Футболка с принтом для мужчины, забавная футболка, 2020 Я пережил Большие размеры оверсайз",165,950,
25,Футболка мужская с японским аниме Umibe No Etranger,165,464,top
26,Мужская футболка с коротким рукавом и принтом в ассортименте,165,908,
27,Мужская футболка AIOPESON с круглым вырезом,166,1303,
28,"Мужская футболка KYKU, черная футболка с 3D-принтом в виде животных, лето 2018",165,279,
29,"Мужской пуловер TACVASEN с длинным рукавом, воротником-стойкой и защитой от солнца UPF 50+, цвет в ассортименте",165,1394,top
30,Мужская футболка 3D Stalker,164,990,top
31,Футболка мужская DIMUSI,164,843,
32,Футболка мужская,164,952,
33,Футболка мужская с коротким рукавом,164,867,
34,Мужская хлопковая футболка с коротким рукавом,164,1443,
35,Футболка мужская свободного покроя с забавным принтом,164,928,
36,Мужская футболка 3D Время на рыбалке,164,1025,top
38,Винтажная женская футболка с коротким рукавом,163,973,
39,Мужская хлопковая футболка с длинным рукавом,163,1115,
40,"Летняя женская мужская футболка Sealoon, новая модная футболка с принтом моря в воздушном шаре, Забавные топы с коротким рукавом",163,793,
41,Футболка с надписями для влюбленных,163,871,
42,Сетчатая мужская футболка,163,915,
43,Футболка мужская однотонная,163,1227,
44,Мужская винтажная футболка из искусственной замши с принтом,163,2104,top
45,Мужская футболка в стиле хип-хоп,163,2165,top
46,Мужская футболка в винтажном стиле,163,883,
47,Футболка Genshin Impact мужская,163,455,
48,Мужская футболка с принтом,163,738,
49,Футболка мужская Dorime с принтом,163,880,
50,"Мужская футболка с коротким рукавом и аниме принтом, цвет в ассортименте",165,929,top
51,"Мужская футболка с коротким рукавом и надписью, цвет в ассортименте",163,831,
52,Мужская футболка хлопок Билли Херрингтон Великий / Billy Herrington / гачи / Гачимучи,163,1170,
53,Мужская хлопковая футболка с длинным рукавом и вафельным принтом,163,2462,top
54,Футболка с принтом в стиле хип-хоп,163,734,
55,"Новинка 2019, Мужская модная дизайнерская футболка с коротким рукавом и черепаховым принтом, смешные футболки в стиле Харадзюку, хипстерские крутые топы с круглым вырезом",162,751,
56,Мужская летняя футболка с длинным рукавом,162,1096,
57,Универсальная эластичная мужская футболка с круглым вырезом,162,1476,
58,Футболка с коротким рукавом для мужчин и женщин,162,980,
59,Мужские летние короткие футболки,163,2621,
60,Мужская футболка с коротким рукавом и круглым вырезом,162,945,
61,Футболка мужская японская аниме,162,463,
62,Футболка с 3D граффити для мальчиков и девочек,162,279,
63,Мужская футболка с коротким рукавом Jeansian,162,1250,
64,"Мужская однотонная футболка с длинным рукавом, цвет в ассортименте",162,997,
65,Футболка с 3d принтом аниме,161,1052,
66,Женская футболка оверсайз в стиле Харадзюку,161,481,top
67,Мужская футболка 3D Sasha Grey LOVE,161,1025,top
68,Мужская футболка с коротким рукавом,161,1443,top
69,Футболки унисекс,161,549,
70,Футболка мужская с 3D принтом в стиле Харадзюку,161,481,
71,Футболка мужская компрессионная с длинным рукавом и 3D-принтом,161,669,
72,Винтажная хлопковая летняя мужская футболка с надписью LOVE MY SWAG,161,1337,
73,"Мужская футболка с коротким рукавом в стиле хип-хоп, черная/белая",161,473,
74,GAAJ - Европейский размер Футболка на заказ для мужчин и женщин 100% хлопок Вышивка с принтом своими руками Логотип известного дизайнера мужская женская футболка Футболка,161,1635,
75,Мужская футболка в стиле Харадзюку с японским аниме принтом,161,479,
76,Футболка с принтом Джек Расселла,162,686,
77,"Мужская футболка с защитой от деформации Saucezhan, белая футболка из двухтканого материала, хлопковая Футболка с защитой от усадки, 340 г",160,2662,top
78,"Футболка мужская с рисунком кошки, уличная одежда в стиле хип-хоп, хлопковая рубашка с коротким рукавом и принтом японского каньцзи и животных, белая, на лето",160,819,
79,"Футболка мужская с принтом цепной пилы, кавайная одежда в стиле гранж Харадзюку, мультяшная эстетика японского аниме",160,464,
80,Мужская футболка из хлопка,160,963,top
81,Черная футболка с коротким рукавом PLstar Cosmos Brp Can-am 3dprint,160,1158,
82,"Мужская футболка с коротким рукавом и принтом из фильма ""Бойцовский клуб"", хлопок/вискоза, размер XS-XXXL, цвет черный",160,626,top
83,Мужская хлопковая футболка с коротким рукавом и цифровым принтом Harajuku,159,1835,
84,Мужская футболка с длинным рукавом и принтом тигра,159,723,
85,"Мужская футболка с коротким рукавом, V-образным вырезом, размеры до 5XL",159,1009,
86,Футболка с круглым вырезом и принтом из аниме «Danganronpa V3: Killing Harmony Oma Kokichi»,158,902,
87,Мужская футболка с коротким рукавом,158,970,
88,Мужские футболки больших размеров,158,1923,top
89,"Футболка Мужская/женская с принтом кактуса и Джека, модная Свободная рубашка с принтом Рокки, модный тренд в стиле хип-хоп, с коротким рукавом",159,915,
90,"Футболка мужская, с круглым вырезом, с 3D-принтом животных, с короткими рукавами, размер S-5XL",158,243,top
91,Мужская хлопковая футболка с коротким рукавом и воротником «Генри»,158,1183,
92,Мужская футболка с 3D-принтом тигра,158,202,
93,Футболка мужская с японским аниме «атака на Титанов»,158,464,
94,Спортивная мужская футболка с принтом,163,1565,top
95,Мужская готическая футболка с длинным рукавом Anime,158,2510,
96,"Футболка для мужчин Farthestsailing, размер S - 6XL, цвет в ассортименте",157,919,
97,Мужская футболка 3D SALLY FACE - Ларри,157,1025,top
98,Мужская хлопковая футболка с принтом в стиле хип-хоп,157,2038,top
99,Футболка мужская из хлопка и льна с V-образным вырезом,157,874,
100,Мужская футболка из хлопка,157,2143,
101,Мужская футболка с принтом,157,1774,
102,Футболка с вашим индивидуальным дизайном,156,738,
103,"Мужская хлопковая футболка, модная летняя новая модная футболка с забавной крысой, симпатичная японская мышь, крутая Подарочная футболка для влюбленных",156,832,top
104,Футболка мужская спортивная Muscleguys,156,957,
105,Футболка мужская MRMT,156,673,
106,Футболка мужская стразы,156,2020,
107,Мужская однотонная футболка свободного покроя с круглым вырезом,157,399,
108,Быстросохнущая Спортивная футболка для мужчин Коллекция 2024 года Летние повседневные белые футболки с короткими рукавами Большие размеры 6XL 7XL 8XL 9XL Футболка для спортзала одежда,156,954,
109,Футболка с изображением Иисуса Христа,156,1690,
110,"Новое поступление 2021, Мужская модная дизайнерская футболка с сердцем и покером, Забавные футболки в стиле Харадзюку, хипстерские крутые топы с круглым вырезом",156,751,
111,"Черная футболка с коротким рукавом, круглым вырезом и принтом молнии, S-XL",155,1275,
112,Футболка мужская хлопковая с круглым вырезом и короткими рукавами,155,532,
113,"Уличная футболка в стиле хип-хоп, 2023 Мужская Эстетическая футболка с изображением сердца, летняя хлопковая футболка с короткими рукавами, футболки",155,1935,
114,Футболка мужская летняя однотонная с V-образным вырезом и коротким рукавом,155,1045,
115,Футболка унисекс в стиле кэжуал с изображением ковбоя,155,751,
116,Мужская футболка в стиле ретро с надписью «Французский бульдог»,156,814,
117,"Новая компрессионная рубашка для мужчин, футболка с коротким рукавом для фитнеса и бега, Мужская футболка для тренажерного зала, спортивная одежда, трико, футболка для мужчин",155,889,top
118,Мужская хлопковая футболка с изображением французского бульдога,155,877,
119,"Мужская футболка с коротким рукавом и надписью Never, цвет в ассортименте",154,738,
120,Мужская хлопковая футболка с коротким рукавом и надписью Punks Not Dead,154,908,top
122,Мужская футболка E-BAIHUI,3118,1063,
123,"Мужская футболка оверсайз с 3D-принтом, спандекс/полиэстер, размер XXS-6XL, принт в ассортименте",3115,479,
124,Мужские футболки с принтом,3105,596,
125,"Футболка с коротким рукавом и принтом, цвет в ассортименте",3087,793,
126,"Мужская футболка с круглым вырезом, цвет в ассортименте",3057,1312,
127,Мужская футболка COOLMIND,3045,811,top
128,Футболка с коротким рукавом и принтом собаки,3009,899,
129,Футболка мужская с коротким рукавом и принтом ночного воина,2943,813,
130,Мужская спортивная футболка с коротким рукавом,2869,891,
131,Футболка унисекс Harajuku,2853,1682,top
132,Футболка мужская,2831,635,top
133,Мужская однотонная футболка с длинным рукавом,2805,1183,
134,"Мужская футболка оверсайз с принтом Mont March, хлопок, размер S-4XL, цвет серый/черный/белый/синий",2781,1016,
135,"Футболка мужская с длинным рукавом, хлопок, приталенный силуэт, V-образный вырез, топ в стиле хип-хоп, повседневная одежда, 5XL, весна",2780,1025,
136,"Футболка из лайкры с коротким рукавом, мужская, с круглым вырезом, облегающая, однотонная, цвет черный, материал полиэстер",2762,476,
137,"Однотонная футболка с коротким рукавом, хлопок, размер M-4XL, цвет в ассортименте",2740,479,
138,"Мужская футболка/ мужской свитшот в полоску, оверсайз, размеры S-2XL, расцветки в ассортименте",2624,569,
139,"Мужская хлопковая футболка с коротким рукавом и принтом, размер S-XXL",2621,923,top
140,Футболка мужская TFETTERS свободная,2589,1294,
141,"Футболка унисекс с длинным рукавом, свободная, размер S-5XL, цвет и дизайн принта в ассортименте",2588,1243,
142,"Футболка унисекс с длинным рукавом, свободная, размер S-5XL, цвет и дизайн принта в ассортименте",2588,1243,
143,Футболка мужская GustomerD с коротким рукавом,2555,943,
144,"Футболка мужская летняя с принтом, 100% хлопок, размер M-4XL, цвет в ассортименте",2553,1309,top
145,Хип-хоп свободные мужские уличные футболки Повседневные Классические 2024 летние с короткими рукавами Черно-белые футболки больших размеров 5XL 6XL,2543,1154,top
146,"Футболка оверсайз в полоску, хлопок/полиэстер, размеры S-3XL, 2 расцветки",2523,1417,top
147,"Футболка LAPPSTER мужская оверсайз с круглым вырезом в стиле Харадзюку, 100% хлопок, в ассортименте",2509,988,top
148,"Футболка мужская с V-образным вырезом, хлопок, повседневная, для фитнеса и бодибилдинга, на молнии, с коротким рукавом",2491,830,
149,"Футболка мужская с круглым вырезом и короткими рукавами, принты 3D в ассортименте, размеры S-5XL",2459,232,
150,Мужская футболка с принтом,2435,2469,
151,Хлопковая футболка с японским аниме принтом,2424,746,
152,"COODRONY Мужская футболка с короткими рукавами и воротником мандарин, весна-лето 2020, новый топ, Мужская брендовая одежда, облегающие хлопковые футболки S7645",2421,1417,
153,Мужская хлопковая футболка с коротким рукавом,2415,1712,top
154,Футболка мужская оверсайз из двух предметов,2398,1134,
155,Футболка мужская с длинным рукавом,2391,481,top
156,Футболки унисекс летние с коротким рукавом и забавным принтом,2386,898,
157,Футболка мужская хлопковая,2378,838,top
158,Футболка мужская GILDAN,2378,857,
159,"Плотная хлопковая однотонная футболка унисекс, цвета в ассортименте",2370,913,
160,"Мужская рубашка ReFire Gear с длинным рукавом в стиле милитари, 6 цветов на выбор",2342,2172,
161,Футболка с изображением медведя,2321,807,
162,"Футболка мужская с круглым вырезом и короткими рукавами, 3D-принты в ассортименте, размеры XXS-6XL",2316,293,
163,"Мужская шерстяная футболка с отверстиями для большого пальца и манжетами, с длинным рукавом, с Боковым Разрезом",2301,1188,
164,"MRMT 2023 новая хлопковая Мужская футболка с коротким рукавом, Мужская футболка с коротким рукавом, однотонные мужские футболки для мужчин, топы, футболки",2290,539,top
165,Футболка мужская облегающая с V-образным вырезом и коротким рукавом,2287,1046,
166,Мужские спортивные футболки jeansian LSL069,2277,1250,
167,"Мужская футболка с рукавами 3/4 в свободном стиле, цвет черный, белый в полоску, размеры S-3XL",2268,1049,top
168,"Мужская хлопковая футболка с рукавом реглан и круглым вырезом, 3 цвета на выбор",2253,1260,top
169,"Мужская тактическая камуфляжная спортивная футболка ZOGAA, размер S-XXXL, цвет черный/серый/болотный",2241,1009,top
170,Мужская футболка с коротким рукавом,2224,769,
171,Футболка мужская оверсайз из чесаного хлопка,2245,904,
172,"Мужская футболка с коротким рукавом, круглым вырезом и принтом",2195,481,top
173,"Футболка для мужчин и женщин спортивная, размер 2XS - 5XL, цвет в ассортименте",2191,261,
174,Свитшот с принтом,2140,1442,
175,"Футболка мужская базовая, мягкая эластичная, с коротким рукавом, белая, на лето",2143,481,top
176,"Футболка мужская Simwood с круглым вырезом и короткими рукавами, цвета в ассортименте, размеры S-3XL",2137,1137,top
177,Футболка мужская с коротким рукавом с ярким 3D-принтом,2131,482,
178,"Футболка мужская хлопковая с аниме принтом, размер S-XXL, цвет черный, рисунок в ассортименте",2128,1505,top
179,"Мужская камуфляжная футболка с длинными/короткими рукавами, размеры S - 3XL, цвет в ассортименте",2098,1155,
180,Футболка мужская однотонная хлопковая с принтом,2090,875,
181,"Новинка 2023, Мужская футболка MRMT из 100% хлопка, однотонная мужская футболка с круглым вырезом и коротким рукавом, футболки для мужчин",2084,769,
182,"Мужская футболка в полоску в стиле оверсайз, хлопок, размер S-XXXL",2081,864,top
183,Мужская хлопковая футболка с принтом,2066,2001,
184,"Футболка INFLATION унисекс с круглым вырезом и короткими рукавами, цвета в ассортименте, размеры S-2XL",2060,1443,
185,"Мужская футболка ReFire Gear с длинными рукавами на молнии, цвета в ассортименте, размеры S-5XL",2042,1653,
186,Мужские черные хлопковые футболки со зловещими принтами в ассортименте,2055,1505,top
187,"Футболка LAPPSTER мужская оверсайз, 100% хлопок, цвет и размер в ассортименте",2038,866,top
